"Bevolking op de eerste van de maand; geslacht, leeftijd, herkomstland"
"Geboorteland ouders: Totaal"
"Onderwerp: |Bevolking op de eerste van de maand"
"Perioden: 2023 januari"
"Geboorteland: Totaal"
"";""
"Leeftijd";"Geslacht";"Herkomstland";"aantal"
"25 jaar";"Totaal mannen en vrouwen";"Totaal";"227429"
"25 jaar";"Totaal mannen en vrouwen";"Nederland";"147107"
"25 jaar";"Totaal mannen en vrouwen";"Europa (exclusief Nederland)";"28698"
"25 jaar";"Totaal mannen en vrouwen";"Buiten Europa";"51624"
"25 jaar";"Mannen";"Totaal";"115090"
"25 jaar";"Mannen";"Nederland";"74999"
"25 jaar";"Mannen";"Europa (exclusief Nederland)";"13765"
"25 jaar";"Mannen";"Buiten Europa";"26326"
"25 jaar";"Vrouwen";"Totaal";"112339"
"25 jaar";"Vrouwen";"Nederland";"72108"
"25 jaar";"Vrouwen";"Europa (exclusief Nederland)";"14933"
"25 jaar";"Vrouwen";"Buiten Europa";"25298"
"26 jaar";"Totaal mannen en vrouwen";"Totaal";"227241"
"26 jaar";"Totaal mannen en vrouwen";"Nederland";"146026"
"26 jaar";"Totaal mannen en vrouwen";"Europa (exclusief Nederland)";"29531"
"26 jaar";"Totaal mannen en vrouwen";"Buiten Europa";"51684"
"26 jaar";"Mannen";"Totaal";"115759"
"26 jaar";"Mannen";"Nederland";"75077"
"26 jaar";"Mannen";"Europa (exclusief Nederland)";"14429"
"26 jaar";"Mannen";"Buiten Europa";"26253"
"26 jaar";"Vrouwen";"Totaal";"111482"
"26 jaar";"Vrouwen";"Nederland";"70949"
"26 jaar";"Vrouwen";"Europa (exclusief Nederland)";"15102"
"26 jaar";"Vrouwen";"Buiten Europa";"25431"
"27 jaar";"Totaal mannen en vrouwen";"Totaal";"228636"
"27 jaar";"Totaal mannen en vrouwen";"Nederland";"146689"
"27 jaar";"Totaal mannen en vrouwen";"Europa (exclusief Nederland)";"29008"
"27 jaar";"Totaal mannen en vrouwen";"Buiten Europa";"52939"
"27 jaar";"Mannen";"Totaal";"115901"
"27 jaar";"Mannen";"Nederland";"74970"
"27 jaar";"Mannen";"Europa (exclusief Nederland)";"14373"
"27 jaar";"Mannen";"Buiten Europa";"26558"
"27 jaar";"Vrouwen";"Totaal";"112735"
"27 jaar";"Vrouwen";"Nederland";"71719"
"27 jaar";"Vrouwen";"Europa (exclusief Nederland)";"14635"
"27 jaar";"Vrouwen";"Buiten Europa";"26381"
"28 jaar";"Totaal mannen en vrouwen";"Totaal";"235632"
"28 jaar";"Totaal mannen en vrouwen";"Nederland";"150476"
"28 jaar";"Totaal mannen en vrouwen";"Europa (exclusief Nederland)";"29810"
"28 jaar";"Totaal mannen en vrouwen";"Buiten Europa";"55346"
"28 jaar";"Mannen";"Totaal";"119925"
"28 jaar";"Mannen";"Nederland";"76981"
"28 jaar";"Mannen";"Europa (exclusief Nederland)";"14836"
"28 jaar";"Mannen";"Buiten Europa";"28108"
"28 jaar";"Vrouwen";"Totaal";"115707"
"28 jaar";"Vrouwen";"Nederland";"73495"
"28 jaar";"Vrouwen";"Europa (exclusief Nederland)";"14974"
"28 jaar";"Vrouwen";"Buiten Europa";"27238"
"29 jaar";"Totaal mannen en vrouwen";"Totaal";"236061"
"29 jaar";"Totaal mannen en vrouwen";"Nederland";"150194"
"29 jaar";"Totaal mannen en vrouwen";"Europa (exclusief Nederland)";"29792"
"29 jaar";"Totaal mannen en vrouwen";"Buiten Europa";"56075"
"29 jaar";"Mannen";"Totaal";"119892"
"29 jaar";"Mannen";"Nederland";"76644"
"29 jaar";"Mannen";"Europa (exclusief Nederland)";"15052"
"29 jaar";"Mannen";"Buiten Europa";"28196"
"29 jaar";"Vrouwen";"Totaal";"116169"
"29 jaar";"Vrouwen";"Nederland";"73550"
"29 jaar";"Vrouwen";"Europa (exclusief Nederland)";"14740"
"29 jaar";"Vrouwen";"Buiten Europa";"27879"
"30 jaar";"Totaal mannen en vrouwen";"Totaal";"238136"
"30 jaar";"Totaal mannen en vrouwen";"Nederland";"150758"
"30 jaar";"Totaal mannen en vrouwen";"Europa (exclusief Nederland)";"29769"
"30 jaar";"Totaal mannen en vrouwen";"Buiten Europa";"57609"
"30 jaar";"Mannen";"Totaal";"121068"
"30 jaar";"Mannen";"Nederland";"77081"
"30 jaar";"Mannen";"Europa (exclusief Nederland)";"14712"
"30 jaar";"Mannen";"Buiten Europa";"29275"
"30 jaar";"Vrouwen";"Totaal";"117068"
"30 jaar";"Vrouwen";"Nederland";"73677"
"30 jaar";"Vrouwen";"Europa (exclusief Nederland)";"15057"
"30 jaar";"Vrouwen";"Buiten Europa";"28334"
"31 jaar";"Totaal mannen en vrouwen";"Totaal";"240472"
"31 jaar";"Totaal mannen en vrouwen";"Nederland";"153011"
"31 jaar";"Totaal mannen en vrouwen";"Europa (exclusief Nederland)";"29995"
"31 jaar";"Totaal mannen en vrouwen";"Buiten Europa";"57466"
"31 jaar";"Mannen";"Totaal";"122037"
"31 jaar";"Mannen";"Nederland";"77909"
"31 jaar";"Mannen";"Europa (exclusief Nederland)";"15022"
"31 jaar";"Mannen";"Buiten Europa";"29106"
"31 jaar";"Vrouwen";"Totaal";"118435"
"31 jaar";"Vrouwen";"Nederland";"75102"
"31 jaar";"Vrouwen";"Europa (exclusief Nederland)";"14973"
"31 jaar";"Vrouwen";"Buiten Europa";"28360"
"32 jaar";"Totaal mannen en vrouwen";"Totaal";"240847"
"32 jaar";"Totaal mannen en vrouwen";"Nederland";"152742"
"32 jaar";"Totaal mannen en vrouwen";"Europa (exclusief Nederland)";"29511"
"32 jaar";"Totaal mannen en vrouwen";"Buiten Europa";"58594"
"32 jaar";"Mannen";"Totaal";"122593"
"32 jaar";"Mannen";"Nederland";"78153"
"32 jaar";"Mannen";"Europa (exclusief Nederland)";"14692"
"32 jaar";"Mannen";"Buiten Europa";"29748"
"32 jaar";"Vrouwen";"Totaal";"118254"
"32 jaar";"Vrouwen";"Nederland";"74589"
"32 jaar";"Vrouwen";"Europa (exclusief Nederland)";"14819"
"32 jaar";"Vrouwen";"Buiten Europa";"28846"
"33 jaar";"Totaal mannen en vrouwen";"Totaal";"232932"
"33 jaar";"Totaal mannen en vrouwen";"Nederland";"146285"
"33 jaar";"Totaal mannen en vrouwen";"Europa (exclusief Nederland)";"29240"
"33 jaar";"Totaal mannen en vrouwen";"Buiten Europa";"57407"
"33 jaar";"Mannen";"Totaal";"117931"
"33 jaar";"Mannen";"Nederland";"74154"
"33 jaar";"Mannen";"Europa (exclusief Nederland)";"14557"
"33 jaar";"Mannen";"Buiten Europa";"29220"
"33 jaar";"Vrouwen";"Totaal";"115001"
"33 jaar";"Vrouwen";"Nederland";"72131"
"33 jaar";"Vrouwen";"Europa (exclusief Nederland)";"14683"
"33 jaar";"Vrouwen";"Buiten Europa";"28187"
"34 jaar";"Totaal mannen en vrouwen";"Totaal";"229986"
"34 jaar";"Totaal mannen en vrouwen";"Nederland";"144633"
"34 jaar";"Totaal mannen en vrouwen";"Europa (exclusief Nederland)";"28698"
"34 jaar";"Totaal mannen en vrouwen";"Buiten Europa";"56655"
"34 jaar";"Mannen";"Totaal";"116366"
"34 jaar";"Mannen";"Nederland";"73455"
"34 jaar";"Mannen";"Europa (exclusief Nederland)";"14055"
"34 jaar";"Mannen";"Buiten Europa";"28856"
"34 jaar";"Vrouwen";"Totaal";"113620"
"34 jaar";"Vrouwen";"Nederland";"71178"
"34 jaar";"Vrouwen";"Europa (exclusief Nederland)";"14643"
"34 jaar";"Vrouwen";"Buiten Europa";"27799"
"35 jaar";"Totaal mannen en vrouwen";"Totaal";"228622"
"35 jaar";"Totaal mannen en vrouwen";"Nederland";"146292"
"35 jaar";"Totaal mannen en vrouwen";"Europa (exclusief Nederland)";"27429"
"35 jaar";"Totaal mannen en vrouwen";"Buiten Europa";"54901"
"35 jaar";"Mannen";"Totaal";"115907"
"35 jaar";"Mannen";"Nederland";"74744"
"35 jaar";"Mannen";"Europa (exclusief Nederland)";"13580"
"35 jaar";"Mannen";"Buiten Europa";"27583"
"35 jaar";"Vrouwen";"Totaal";"112715"
"35 jaar";"Vrouwen";"Nederland";"71548"
"35 jaar";"Vrouwen";"Europa (exclusief Nederland)";"13849"
"35 jaar";"Vrouwen";"Buiten Europa";"27318"
"36 jaar";"Totaal mannen en vrouwen";"Totaal";"227431"
"36 jaar";"Totaal mannen en vrouwen";"Nederland";"144900"
"36 jaar";"Totaal mannen en vrouwen";"Europa (exclusief Nederland)";"27062"
"36 jaar";"Totaal mannen en vrouwen";"Buiten Europa";"55469"
"36 jaar";"Mannen";"Totaal";"114375"
"36 jaar";"Mannen";"Nederland";"73209"
"36 jaar";"Mannen";"Europa (exclusief Nederland)";"13349"
"36 jaar";"Mannen";"Buiten Europa";"27817"
"36 jaar";"Vrouwen";"Totaal";"113056"
"36 jaar";"Vrouwen";"Nederland";"71691"
"36 jaar";"Vrouwen";"Europa (exclusief Nederland)";"13713"
"36 jaar";"Vrouwen";"Buiten Europa";"27652"
"37 jaar";"Totaal mannen en vrouwen";"Totaal";"221810"
"37 jaar";"Totaal mannen en vrouwen";"Nederland";"140012"
"37 jaar";"Totaal mannen en vrouwen";"Europa (exclusief Nederland)";"26318"
"37 jaar";"Totaal mannen en vrouwen";"Buiten Europa";"55480"
"37 jaar";"Mannen";"Totaal";"111688"
"37 jaar";"Mannen";"Nederland";"70969"
"37 jaar";"Mannen";"Europa (exclusief Nederland)";"12963"
"37 jaar";"Mannen";"Buiten Europa";"27756"
"37 jaar";"Vrouwen";"Totaal";"110122"
"37 jaar";"Vrouwen";"Nederland";"69043"
"37 jaar";"Vrouwen";"Europa (exclusief Nederland)";"13355"
"37 jaar";"Vrouwen";"Buiten Europa";"27724"
"38 jaar";"Totaal mannen en vrouwen";"Totaal";"217774"
"38 jaar";"Totaal mannen en vrouwen";"Nederland";"136947"
"38 jaar";"Totaal mannen en vrouwen";"Europa (exclusief Nederland)";"25548"
"38 jaar";"Totaal mannen en vrouwen";"Buiten Europa";"55279"
"38 jaar";"Mannen";"Totaal";"109803"
"38 jaar";"Mannen";"Nederland";"69694"
"38 jaar";"Mannen";"Europa (exclusief Nederland)";"12468"
"38 jaar";"Mannen";"Buiten Europa";"27641"
"38 jaar";"Vrouwen";"Totaal";"107971"
"38 jaar";"Vrouwen";"Nederland";"67253"
"38 jaar";"Vrouwen";"Europa (exclusief Nederland)";"13080"
"38 jaar";"Vrouwen";"Buiten Europa";"27638"
"39 jaar";"Totaal mannen en vrouwen";"Totaal";"211752"
"39 jaar";"Totaal mannen en vrouwen";"Nederland";"132890"
"39 jaar";"Totaal mannen en vrouwen";"Europa (exclusief Nederland)";"25267"
"39 jaar";"Totaal mannen en vrouwen";"Buiten Europa";"53595"
"39 jaar";"Mannen";"Totaal";"106062"
"39 jaar";"Mannen";"Nederland";"67444"
"39 jaar";"Mannen";"Europa (exclusief Nederland)";"12288"
"39 jaar";"Mannen";"Buiten Europa";"26330"
"39 jaar";"Vrouwen";"Totaal";"105690"
"39 jaar";"Vrouwen";"Nederland";"65446"
"39 jaar";"Vrouwen";"Europa (exclusief Nederland)";"12979"
"39 jaar";"Vrouwen";"Buiten Europa";"27265"
"40 jaar";"Totaal mannen en vrouwen";"Totaal";"211806"
"40 jaar";"Totaal mannen en vrouwen";"Nederland";"134542"
"40 jaar";"Totaal mannen en vrouwen";"Europa (exclusief Nederland)";"24284"
"40 jaar";"Totaal mannen en vrouwen";"Buiten Europa";"52980"
"40 jaar";"Mannen";"Totaal";"106255"
"40 jaar";"Mannen";"Nederland";"68307"
"40 jaar";"Mannen";"Europa (exclusief Nederland)";"11746"
"40 jaar";"Mannen";"Buiten Europa";"26202"
"40 jaar";"Vrouwen";"Totaal";"105551"
"40 jaar";"Vrouwen";"Nederland";"66235"
"40 jaar";"Vrouwen";"Europa (exclusief Nederland)";"12538"
"40 jaar";"Vrouwen";"Buiten Europa";"26778"
"41 jaar";"Totaal mannen en vrouwen";"Totaal";"214938"
"41 jaar";"Totaal mannen en vrouwen";"Nederland";"139462"
"41 jaar";"Totaal mannen en vrouwen";"Europa (exclusief Nederland)";"23842"
"41 jaar";"Totaal mannen en vrouwen";"Buiten Europa";"51634"
"41 jaar";"Mannen";"Totaal";"107155"
"41 jaar";"Mannen";"Nederland";"70486"
"41 jaar";"Mannen";"Europa (exclusief Nederland)";"11532"
"41 jaar";"Mannen";"Buiten Europa";"25137"
"41 jaar";"Vrouwen";"Totaal";"107783"
"41 jaar";"Vrouwen";"Nederland";"68976"
"41 jaar";"Vrouwen";"Europa (exclusief Nederland)";"12310"
"41 jaar";"Vrouwen";"Buiten Europa";"26497"
"42 jaar";"Totaal mannen en vrouwen";"Totaal";"217309"
"42 jaar";"Totaal mannen en vrouwen";"Nederland";"142896"
"42 jaar";"Totaal mannen en vrouwen";"Europa (exclusief Nederland)";"23639"
"42 jaar";"Totaal mannen en vrouwen";"Buiten Europa";"50774"
"42 jaar";"Mannen";"Totaal";"108627"
"42 jaar";"Mannen";"Nederland";"72524"
"42 jaar";"Mannen";"Europa (exclusief Nederland)";"11361"
"42 jaar";"Mannen";"Buiten Europa";"24742"
"42 jaar";"Vrouwen";"Totaal";"108682"
"42 jaar";"Vrouwen";"Nederland";"70372"
"42 jaar";"Vrouwen";"Europa (exclusief Nederland)";"12278"
"42 jaar";"Vrouwen";"Buiten Europa";"26032"
"43 jaar";"Totaal mannen en vrouwen";"Totaal";"209574"
"43 jaar";"Totaal mannen en vrouwen";"Nederland";"138955"
"43 jaar";"Totaal mannen en vrouwen";"Europa (exclusief Nederland)";"22798"
"43 jaar";"Totaal mannen en vrouwen";"Buiten Europa";"47821"
"43 jaar";"Mannen";"Totaal";"104437"
"43 jaar";"Mannen";"Nederland";"70254"
"43 jaar";"Mannen";"Europa (exclusief Nederland)";"10927"
"43 jaar";"Mannen";"Buiten Europa";"23256"
"43 jaar";"Vrouwen";"Totaal";"105137"
"43 jaar";"Vrouwen";"Nederland";"68701"
"43 jaar";"Vrouwen";"Europa (exclusief Nederland)";"11871"
"43 jaar";"Vrouwen";"Buiten Europa";"24565"
"44 jaar";"Totaal mannen en vrouwen";"Totaal";"209258"
"44 jaar";"Totaal mannen en vrouwen";"Nederland";"140458"
"44 jaar";"Totaal mannen en vrouwen";"Europa (exclusief Nederland)";"22235"
"44 jaar";"Totaal mannen en vrouwen";"Buiten Europa";"46565"
"44 jaar";"Mannen";"Totaal";"104054"
"44 jaar";"Mannen";"Nederland";"71182"
"44 jaar";"Mannen";"Europa (exclusief Nederland)";"10437"
"44 jaar";"Mannen";"Buiten Europa";"22435"
"44 jaar";"Vrouwen";"Totaal";"105204"
"44 jaar";"Vrouwen";"Nederland";"69276"
"44 jaar";"Vrouwen";"Europa (exclusief Nederland)";"11798"
"44 jaar";"Vrouwen";"Buiten Europa";"24130"
"45 jaar";"Totaal mannen en vrouwen";"Totaal";"205929"
"45 jaar";"Totaal mannen en vrouwen";"Nederland";"139296"
"45 jaar";"Totaal mannen en vrouwen";"Europa (exclusief Nederland)";"21696"
"45 jaar";"Totaal mannen en vrouwen";"Buiten Europa";"44937"
"45 jaar";"Mannen";"Totaal";"102201"
"45 jaar";"Mannen";"Nederland";"70581"
"45 jaar";"Mannen";"Europa (exclusief Nederland)";"10164"
"45 jaar";"Mannen";"Buiten Europa";"21456"
"45 jaar";"Vrouwen";"Totaal";"103728"
"45 jaar";"Vrouwen";"Nederland";"68715"
"45 jaar";"Vrouwen";"Europa (exclusief Nederland)";"11532"
"45 jaar";"Vrouwen";"Buiten Europa";"23481"
"46 jaar";"Totaal mannen en vrouwen";"Totaal";"207288"
"46 jaar";"Totaal mannen en vrouwen";"Nederland";"143375"
"46 jaar";"Totaal mannen en vrouwen";"Europa (exclusief Nederland)";"21544"
"46 jaar";"Totaal mannen en vrouwen";"Buiten Europa";"42369"
"46 jaar";"Mannen";"Totaal";"103310"
"46 jaar";"Mannen";"Nederland";"72821"
"46 jaar";"Mannen";"Europa (exclusief Nederland)";"10129"
"46 jaar";"Mannen";"Buiten Europa";"20360"
"46 jaar";"Vrouwen";"Totaal";"103978"
"46 jaar";"Vrouwen";"Nederland";"70554"
"46 jaar";"Vrouwen";"Europa (exclusief Nederland)";"11415"
"46 jaar";"Vrouwen";"Buiten Europa";"22009"
"47 jaar";"Totaal mannen en vrouwen";"Totaal";"207998"
"47 jaar";"Totaal mannen en vrouwen";"Nederland";"144734"
"47 jaar";"Totaal mannen en vrouwen";"Europa (exclusief Nederland)";"20974"
"47 jaar";"Totaal mannen en vrouwen";"Buiten Europa";"42290"
"47 jaar";"Mannen";"Totaal";"103096"
"47 jaar";"Mannen";"Nederland";"73103"
"47 jaar";"Mannen";"Europa (exclusief Nederland)";"9779"
"47 jaar";"Mannen";"Buiten Europa";"20214"
"47 jaar";"Vrouwen";"Totaal";"104902"
"47 jaar";"Vrouwen";"Nederland";"71631"
"47 jaar";"Vrouwen";"Europa (exclusief Nederland)";"11195"
"47 jaar";"Vrouwen";"Buiten Europa";"22076"
"48 jaar";"Totaal mannen en vrouwen";"Totaal";"216840"
"48 jaar";"Totaal mannen en vrouwen";"Nederland";"152224"
"48 jaar";"Totaal mannen en vrouwen";"Europa (exclusief Nederland)";"21059"
"48 jaar";"Totaal mannen en vrouwen";"Buiten Europa";"43557"
"48 jaar";"Mannen";"Totaal";"107363"
"48 jaar";"Mannen";"Nederland";"77003"
"48 jaar";"Mannen";"Europa (exclusief Nederland)";"9694"
"48 jaar";"Mannen";"Buiten Europa";"20666"
"48 jaar";"Vrouwen";"Totaal";"109477"
"48 jaar";"Vrouwen";"Nederland";"75221"
"48 jaar";"Vrouwen";"Europa (exclusief Nederland)";"11365"
"48 jaar";"Vrouwen";"Buiten Europa";"22891"
"49 jaar";"Totaal mannen en vrouwen";"Totaal";"223602"
"49 jaar";"Totaal mannen en vrouwen";"Nederland";"160436"
"49 jaar";"Totaal mannen en vrouwen";"Europa (exclusief Nederland)";"20472"
"49 jaar";"Totaal mannen en vrouwen";"Buiten Europa";"42694"
"49 jaar";"Mannen";"Totaal";"110753"
"49 jaar";"Mannen";"Nederland";"80947"
"49 jaar";"Mannen";"Europa (exclusief Nederland)";"9427"
"49 jaar";"Mannen";"Buiten Europa";"20379"
"49 jaar";"Vrouwen";"Totaal";"112849"
"49 jaar";"Vrouwen";"Nederland";"79489"
"49 jaar";"Vrouwen";"Europa (exclusief Nederland)";"11045"
"49 jaar";"Vrouwen";"Buiten Europa";"22315"
"50 jaar";"Totaal mannen en vrouwen";"Totaal";"240810"
"50 jaar";"Totaal mannen en vrouwen";"Nederland";"176145"
"50 jaar";"Totaal mannen en vrouwen";"Europa (exclusief Nederland)";"20763"
"50 jaar";"Totaal mannen en vrouwen";"Buiten Europa";"43902"
"50 jaar";"Mannen";"Totaal";"119135"
"50 jaar";"Mannen";"Nederland";"88422"
"50 jaar";"Mannen";"Europa (exclusief Nederland)";"9655"
"50 jaar";"Mannen";"Buiten Europa";"21058"
"50 jaar";"Vrouwen";"Totaal";"121675"
"50 jaar";"Vrouwen";"Nederland";"87723"
"50 jaar";"Vrouwen";"Europa (exclusief Nederland)";"11108"
"50 jaar";"Vrouwen";"Buiten Europa";"22844"
"51 jaar";"Totaal mannen en vrouwen";"Totaal";"251584"
"51 jaar";"Totaal mannen en vrouwen";"Nederland";"187132"
"51 jaar";"Totaal mannen en vrouwen";"Europa (exclusief Nederland)";"20720"
"51 jaar";"Totaal mannen en vrouwen";"Buiten Europa";"43732"
"51 jaar";"Mannen";"Totaal";"125392"
"51 jaar";"Mannen";"Nederland";"94580"
"51 jaar";"Mannen";"Europa (exclusief Nederland)";"9636"
"51 jaar";"Mannen";"Buiten Europa";"21176"
"51 jaar";"Vrouwen";"Totaal";"126192"
"51 jaar";"Vrouwen";"Nederland";"92552"
"51 jaar";"Vrouwen";"Europa (exclusief Nederland)";"11084"
"51 jaar";"Vrouwen";"Buiten Europa";"22556"
"52 jaar";"Totaal mannen en vrouwen";"Totaal";"261502"
"52 jaar";"Totaal mannen en vrouwen";"Nederland";"196758"
"52 jaar";"Totaal mannen en vrouwen";"Europa (exclusief Nederland)";"20167"
"52 jaar";"Totaal mannen en vrouwen";"Buiten Europa";"44577"
"52 jaar";"Mannen";"Totaal";"130348"
"52 jaar";"Mannen";"Nederland";"98995"
"52 jaar";"Mannen";"Europa (exclusief Nederland)";"9500"
"52 jaar";"Mannen";"Buiten Europa";"21853"
"52 jaar";"Vrouwen";"Totaal";"131154"
"52 jaar";"Vrouwen";"Nederland";"97763"
"52 jaar";"Vrouwen";"Europa (exclusief Nederland)";"10667"
"52 jaar";"Vrouwen";"Buiten Europa";"22724"
"53 jaar";"Totaal mannen en vrouwen";"Totaal";"266250"
"53 jaar";"Totaal mannen en vrouwen";"Nederland";"203118"
"53 jaar";"Totaal mannen en vrouwen";"Europa (exclusief Nederland)";"20319"
"53 jaar";"Totaal mannen en vrouwen";"Buiten Europa";"42813"
"53 jaar";"Mannen";"Totaal";"133156"
"53 jaar";"Mannen";"Nederland";"102495"
"53 jaar";"Mannen";"Europa (exclusief Nederland)";"9473"
"53 jaar";"Mannen";"Buiten Europa";"21188"
"53 jaar";"Vrouwen";"Totaal";"133094"
"53 jaar";"Vrouwen";"Nederland";"100623"
"53 jaar";"Vrouwen";"Europa (exclusief Nederland)";"10846"
"53 jaar";"Vrouwen";"Buiten Europa";"21625"
"54 jaar";"Totaal mannen en vrouwen";"Totaal";"254507"
"54 jaar";"Totaal mannen en vrouwen";"Nederland";"194153"
"54 jaar";"Totaal mannen en vrouwen";"Europa (exclusief Nederland)";"19359"
"54 jaar";"Totaal mannen en vrouwen";"Buiten Europa";"40995"
"54 jaar";"Mannen";"Totaal";"127120"
"54 jaar";"Mannen";"Nederland";"97742"
"54 jaar";"Mannen";"Europa (exclusief Nederland)";"9106"
"54 jaar";"Mannen";"Buiten Europa";"20272"
"54 jaar";"Vrouwen";"Totaal";"127387"
"54 jaar";"Vrouwen";"Nederland";"96411"
"54 jaar";"Vrouwen";"Europa (exclusief Nederland)";"10253"
"54 jaar";"Vrouwen";"Buiten Europa";"20723"
"55 jaar";"Totaal mannen en vrouwen";"Totaal";"251120"
"55 jaar";"Totaal mannen en vrouwen";"Nederland";"194553"
"55 jaar";"Totaal mannen en vrouwen";"Europa (exclusief Nederland)";"18971"
"55 jaar";"Totaal mannen en vrouwen";"Buiten Europa";"37596"
"55 jaar";"Mannen";"Totaal";"125955"
"55 jaar";"Mannen";"Nederland";"98211"
"55 jaar";"Mannen";"Europa (exclusief Nederland)";"8875"
"55 jaar";"Mannen";"Buiten Europa";"18869"
"55 jaar";"Vrouwen";"Totaal";"125165"
"55 jaar";"Vrouwen";"Nederland";"96342"
"55 jaar";"Vrouwen";"Europa (exclusief Nederland)";"10096"
"55 jaar";"Vrouwen";"Buiten Europa";"18727"
"56 jaar";"Totaal mannen en vrouwen";"Totaal";"251522"
"56 jaar";"Totaal mannen en vrouwen";"Nederland";"194612"
"56 jaar";"Totaal mannen en vrouwen";"Europa (exclusief Nederland)";"17760"
"56 jaar";"Totaal mannen en vrouwen";"Buiten Europa";"39150"
"56 jaar";"Mannen";"Totaal";"126039"
"56 jaar";"Mannen";"Nederland";"97983"
"56 jaar";"Mannen";"Europa (exclusief Nederland)";"8312"
"56 jaar";"Mannen";"Buiten Europa";"19744"
"56 jaar";"Vrouwen";"Totaal";"125483"
"56 jaar";"Vrouwen";"Nederland";"96629"
"56 jaar";"Vrouwen";"Europa (exclusief Nederland)";"9448"
"56 jaar";"Vrouwen";"Buiten Europa";"19406"
"57 jaar";"Totaal mannen en vrouwen";"Totaal";"254172"
"57 jaar";"Totaal mannen en vrouwen";"Nederland";"198149"
"57 jaar";"Totaal mannen en vrouwen";"Europa (exclusief Nederland)";"17110"
"57 jaar";"Totaal mannen en vrouwen";"Buiten Europa";"38913"
"57 jaar";"Mannen";"Totaal";"127764"
"57 jaar";"Mannen";"Nederland";"100019"
"57 jaar";"Mannen";"Europa (exclusief Nederland)";"8125"
"57 jaar";"Mannen";"Buiten Europa";"19620"
"57 jaar";"Vrouwen";"Totaal";"126408"
"57 jaar";"Vrouwen";"Nederland";"98130"
"57 jaar";"Vrouwen";"Europa (exclusief Nederland)";"8985"
"57 jaar";"Vrouwen";"Buiten Europa";"19293"
"58 jaar";"Totaal mannen en vrouwen";"Totaal";"257755"
"58 jaar";"Totaal mannen en vrouwen";"Nederland";"202336"
"58 jaar";"Totaal mannen en vrouwen";"Europa (exclusief Nederland)";"16623"
"58 jaar";"Totaal mannen en vrouwen";"Buiten Europa";"38796"
"58 jaar";"Mannen";"Totaal";"129307"
"58 jaar";"Mannen";"Nederland";"101976"
"58 jaar";"Mannen";"Europa (exclusief Nederland)";"7716"
"58 jaar";"Mannen";"Buiten Europa";"19615"
"58 jaar";"Vrouwen";"Totaal";"128448"
"58 jaar";"Vrouwen";"Nederland";"100360"
"58 jaar";"Vrouwen";"Europa (exclusief Nederland)";"8907"
"58 jaar";"Vrouwen";"Buiten Europa";"19181"
"59 jaar";"Totaal mannen en vrouwen";"Totaal";"252457"
"59 jaar";"Totaal mannen en vrouwen";"Nederland";"200691"
"59 jaar";"Totaal mannen en vrouwen";"Europa (exclusief Nederland)";"15176"
"59 jaar";"Totaal mannen en vrouwen";"Buiten Europa";"36590"
"59 jaar";"Mannen";"Totaal";"126485"
"59 jaar";"Mannen";"Nederland";"101180"
"59 jaar";"Mannen";"Europa (exclusief Nederland)";"6932"
"59 jaar";"Mannen";"Buiten Europa";"18373"
"59 jaar";"Vrouwen";"Totaal";"125972"
"59 jaar";"Vrouwen";"Nederland";"99511"
"59 jaar";"Vrouwen";"Europa (exclusief Nederland)";"8244"
"59 jaar";"Vrouwen";"Buiten Europa";"18217"
"60 jaar";"Totaal mannen en vrouwen";"Totaal";"246891"
"60 jaar";"Totaal mannen en vrouwen";"Nederland";"196793"
"60 jaar";"Totaal mannen en vrouwen";"Europa (exclusief Nederland)";"14254"
"60 jaar";"Totaal mannen en vrouwen";"Buiten Europa";"35844"
"60 jaar";"Mannen";"Totaal";"123105"
"60 jaar";"Mannen";"Nederland";"98785"
"60 jaar";"Mannen";"Europa (exclusief Nederland)";"6598"
"60 jaar";"Mannen";"Buiten Europa";"17722"
"60 jaar";"Vrouwen";"Totaal";"123786"
"60 jaar";"Vrouwen";"Nederland";"98008"
"60 jaar";"Vrouwen";"Europa (exclusief Nederland)";"7656"
"60 jaar";"Vrouwen";"Buiten Europa";"18122"
"61 jaar";"Totaal mannen en vrouwen";"Totaal";"243125"
"61 jaar";"Totaal mannen en vrouwen";"Nederland";"196627"
"61 jaar";"Totaal mannen en vrouwen";"Europa (exclusief Nederland)";"13854"
"61 jaar";"Totaal mannen en vrouwen";"Buiten Europa";"32644"
"61 jaar";"Mannen";"Totaal";"121120"
"61 jaar";"Mannen";"Nederland";"98377"
"61 jaar";"Mannen";"Europa (exclusief Nederland)";"6419"
"61 jaar";"Mannen";"Buiten Europa";"16324"
"61 jaar";"Vrouwen";"Totaal";"122005"
"61 jaar";"Vrouwen";"Nederland";"98250"
"61 jaar";"Vrouwen";"Europa (exclusief Nederland)";"7435"
"61 jaar";"Vrouwen";"Buiten Europa";"16320"
"62 jaar";"Totaal mannen en vrouwen";"Totaal";"235492"
"62 jaar";"Totaal mannen en vrouwen";"Nederland";"188706"
"62 jaar";"Totaal mannen en vrouwen";"Europa (exclusief Nederland)";"13188"
"62 jaar";"Totaal mannen en vrouwen";"Buiten Europa";"33598"
"62 jaar";"Mannen";"Totaal";"117246"
"62 jaar";"Mannen";"Nederland";"94676"
"62 jaar";"Mannen";"Europa (exclusief Nederland)";"6070"
"62 jaar";"Mannen";"Buiten Europa";"16500"
"62 jaar";"Vrouwen";"Totaal";"118246"
"62 jaar";"Vrouwen";"Nederland";"94030"
"62 jaar";"Vrouwen";"Europa (exclusief Nederland)";"7118"
"62 jaar";"Vrouwen";"Buiten Europa";"17098"
"63 jaar";"Totaal mannen en vrouwen";"Totaal";"231731"
"63 jaar";"Totaal mannen en vrouwen";"Nederland";"188671"
"63 jaar";"Totaal mannen en vrouwen";"Europa (exclusief Nederland)";"12793"
"63 jaar";"Totaal mannen en vrouwen";"Buiten Europa";"30267"
"63 jaar";"Mannen";"Totaal";"115173"
"63 jaar";"Mannen";"Nederland";"94438"
"63 jaar";"Mannen";"Europa (exclusief Nederland)";"5781"
"63 jaar";"Mannen";"Buiten Europa";"14954"
"63 jaar";"Vrouwen";"Totaal";"116558"
"63 jaar";"Vrouwen";"Nederland";"94233"
"63 jaar";"Vrouwen";"Europa (exclusief Nederland)";"7012"
"63 jaar";"Vrouwen";"Buiten Europa";"15313"
"64 jaar";"Totaal mannen en vrouwen";"Totaal";"224182"
"64 jaar";"Totaal mannen en vrouwen";"Nederland";"183435"
"64 jaar";"Totaal mannen en vrouwen";"Europa (exclusief Nederland)";"12133"
"64 jaar";"Totaal mannen en vrouwen";"Buiten Europa";"28614"
"64 jaar";"Mannen";"Totaal";"111328"
"64 jaar";"Mannen";"Nederland";"91921"
"64 jaar";"Mannen";"Europa (exclusief Nederland)";"5522"
"64 jaar";"Mannen";"Buiten Europa";"13885"
"64 jaar";"Vrouwen";"Totaal";"112854"
"64 jaar";"Vrouwen";"Nederland";"91514"
"64 jaar";"Vrouwen";"Europa (exclusief Nederland)";"6611"
"64 jaar";"Vrouwen";"Buiten Europa";"14729"
"65 jaar";"Totaal mannen en vrouwen";"Totaal";"217945"
"65 jaar";"Totaal mannen en vrouwen";"Nederland";"179157"
"65 jaar";"Totaal mannen en vrouwen";"Europa (exclusief Nederland)";"11760"
"65 jaar";"Totaal mannen en vrouwen";"Buiten Europa";"27028"
"65 jaar";"Mannen";"Totaal";"107786"
"65 jaar";"Mannen";"Nederland";"89678"
"65 jaar";"Mannen";"Europa (exclusief Nederland)";"5242"
"65 jaar";"Mannen";"Buiten Europa";"12866"
"65 jaar";"Vrouwen";"Totaal";"110159"
"65 jaar";"Vrouwen";"Nederland";"89479"
"65 jaar";"Vrouwen";"Europa (exclusief Nederland)";"6518"
"65 jaar";"Vrouwen";"Buiten Europa";"14162"
"66 jaar";"Totaal mannen en vrouwen";"Totaal";"212222"
"66 jaar";"Totaal mannen en vrouwen";"Nederland";"174922"
"66 jaar";"Totaal mannen en vrouwen";"Europa (exclusief Nederland)";"11311"
"66 jaar";"Totaal mannen en vrouwen";"Buiten Europa";"25989"
"66 jaar";"Mannen";"Totaal";"105102"
"66 jaar";"Mannen";"Nederland";"87487"
"66 jaar";"Mannen";"Europa (exclusief Nederland)";"5016"
"66 jaar";"Mannen";"Buiten Europa";"12599"
"66 jaar";"Vrouwen";"Totaal";"107120"
"66 jaar";"Vrouwen";"Nederland";"87435"
"66 jaar";"Vrouwen";"Europa (exclusief Nederland)";"6295"
"66 jaar";"Vrouwen";"Buiten Europa";"13390"
"67 jaar";"Totaal mannen en vrouwen";"Totaal";"205091"
"67 jaar";"Totaal mannen en vrouwen";"Nederland";"169892"
"67 jaar";"Totaal mannen en vrouwen";"Europa (exclusief Nederland)";"11150"
"67 jaar";"Totaal mannen en vrouwen";"Buiten Europa";"24049"
"67 jaar";"Mannen";"Totaal";"100778"
"67 jaar";"Mannen";"Nederland";"84389"
"67 jaar";"Mannen";"Europa (exclusief Nederland)";"4986"
"67 jaar";"Mannen";"Buiten Europa";"11403"
"67 jaar";"Vrouwen";"Totaal";"104313"
"67 jaar";"Vrouwen";"Nederland";"85503"
"67 jaar";"Vrouwen";"Europa (exclusief Nederland)";"6164"
"67 jaar";"Vrouwen";"Buiten Europa";"12646"
"68 jaar";"Totaal mannen en vrouwen";"Totaal";"200221"
"68 jaar";"Totaal mannen en vrouwen";"Nederland";"166353"
"68 jaar";"Totaal mannen en vrouwen";"Europa (exclusief Nederland)";"11057"
"68 jaar";"Totaal mannen en vrouwen";"Buiten Europa";"22811"
"68 jaar";"Mannen";"Totaal";"98693"
"68 jaar";"Mannen";"Nederland";"83122"
"68 jaar";"Mannen";"Europa (exclusief Nederland)";"4864"
"68 jaar";"Mannen";"Buiten Europa";"10707"
"68 jaar";"Vrouwen";"Totaal";"101528"
"68 jaar";"Vrouwen";"Nederland";"83231"
"68 jaar";"Vrouwen";"Europa (exclusief Nederland)";"6193"
"68 jaar";"Vrouwen";"Buiten Europa";"12104"
"69 jaar";"Totaal mannen en vrouwen";"Totaal";"195142"
"69 jaar";"Totaal mannen en vrouwen";"Nederland";"163161"
"69 jaar";"Totaal mannen en vrouwen";"Europa (exclusief Nederland)";"10900"
"69 jaar";"Totaal mannen en vrouwen";"Buiten Europa";"21081"
"69 jaar";"Mannen";"Totaal";"95881"
"69 jaar";"Mannen";"Nederland";"81050"
"69 jaar";"Mannen";"Europa (exclusief Nederland)";"4882"
"69 jaar";"Mannen";"Buiten Europa";"9949"
"69 jaar";"Vrouwen";"Totaal";"99261"
"69 jaar";"Vrouwen";"Nederland";"82111"
"69 jaar";"Vrouwen";"Europa (exclusief Nederland)";"6018"
"69 jaar";"Vrouwen";"Buiten Europa";"11132"
"70 jaar";"Totaal mannen en vrouwen";"Totaal";"193337"
"70 jaar";"Totaal mannen en vrouwen";"Nederland";"161965"
"70 jaar";"Totaal mannen en vrouwen";"Europa (exclusief Nederland)";"11424"
"70 jaar";"Totaal mannen en vrouwen";"Buiten Europa";"19948"
"70 jaar";"Mannen";"Totaal";"94772"
"70 jaar";"Mannen";"Nederland";"80239"
"70 jaar";"Mannen";"Europa (exclusief Nederland)";"5131"
"70 jaar";"Mannen";"Buiten Europa";"9402"
"70 jaar";"Vrouwen";"Totaal";"98565"
"70 jaar";"Vrouwen";"Nederland";"81726"
"70 jaar";"Vrouwen";"Europa (exclusief Nederland)";"6293"
"70 jaar";"Vrouwen";"Buiten Europa";"10546"
"71 jaar";"Totaal mannen en vrouwen";"Totaal";"184337"
"71 jaar";"Totaal mannen en vrouwen";"Nederland";"154975"
"71 jaar";"Totaal mannen en vrouwen";"Europa (exclusief Nederland)";"11116"
"71 jaar";"Totaal mannen en vrouwen";"Buiten Europa";"18246"
"71 jaar";"Mannen";"Totaal";"90432"
"71 jaar";"Mannen";"Nederland";"76615"
"71 jaar";"Mannen";"Europa (exclusief Nederland)";"5150"
"71 jaar";"Mannen";"Buiten Europa";"8667"
"71 jaar";"Vrouwen";"Totaal";"93905"
"71 jaar";"Vrouwen";"Nederland";"78360"
"71 jaar";"Vrouwen";"Europa (exclusief Nederland)";"5966"
"71 jaar";"Vrouwen";"Buiten Europa";"9579"
"72 jaar";"Totaal mannen en vrouwen";"Totaal";"182912"
"72 jaar";"Totaal mannen en vrouwen";"Nederland";"152832"
"72 jaar";"Totaal mannen en vrouwen";"Europa (exclusief Nederland)";"11361"
"72 jaar";"Totaal mannen en vrouwen";"Buiten Europa";"18719"
"72 jaar";"Mannen";"Totaal";"89097"
"72 jaar";"Mannen";"Nederland";"75085"
"72 jaar";"Mannen";"Europa (exclusief Nederland)";"5204"
"72 jaar";"Mannen";"Buiten Europa";"8808"
"72 jaar";"Vrouwen";"Totaal";"93815"
"72 jaar";"Vrouwen";"Nederland";"77747"
"72 jaar";"Vrouwen";"Europa (exclusief Nederland)";"6157"
"72 jaar";"Vrouwen";"Buiten Europa";"9911"
"73 jaar";"Totaal mannen en vrouwen";"Totaal";"182216"
"73 jaar";"Totaal mannen en vrouwen";"Nederland";"153895"
"73 jaar";"Totaal mannen en vrouwen";"Europa (exclusief Nederland)";"11683"
"73 jaar";"Totaal mannen en vrouwen";"Buiten Europa";"16638"
"73 jaar";"Mannen";"Totaal";"88585"
"73 jaar";"Mannen";"Nederland";"75344"
"73 jaar";"Mannen";"Europa (exclusief Nederland)";"5406"
"73 jaar";"Mannen";"Buiten Europa";"7835"
"73 jaar";"Vrouwen";"Totaal";"93631"
"73 jaar";"Vrouwen";"Nederland";"78551"
"73 jaar";"Vrouwen";"Europa (exclusief Nederland)";"6277"
"73 jaar";"Vrouwen";"Buiten Europa";"8803"
"74 jaar";"Totaal mannen en vrouwen";"Totaal";"184417"
"74 jaar";"Totaal mannen en vrouwen";"Nederland";"156922"
"74 jaar";"Totaal mannen en vrouwen";"Europa (exclusief Nederland)";"11940"
"74 jaar";"Totaal mannen en vrouwen";"Buiten Europa";"15555"
"74 jaar";"Mannen";"Totaal";"89464"
"74 jaar";"Mannen";"Nederland";"76404"
"74 jaar";"Mannen";"Europa (exclusief Nederland)";"5606"
"74 jaar";"Mannen";"Buiten Europa";"7454"
"74 jaar";"Vrouwen";"Totaal";"94953"
"74 jaar";"Vrouwen";"Nederland";"80518"
"74 jaar";"Vrouwen";"Europa (exclusief Nederland)";"6334"
"74 jaar";"Vrouwen";"Buiten Europa";"8101"
"75 jaar";"Totaal mannen en vrouwen";"Totaal";"189898"
"75 jaar";"Totaal mannen en vrouwen";"Nederland";"163442"
"75 jaar";"Totaal mannen en vrouwen";"Europa (exclusief Nederland)";"12693"
"75 jaar";"Totaal mannen en vrouwen";"Buiten Europa";"13763"
"75 jaar";"Mannen";"Totaal";"91254"
"75 jaar";"Mannen";"Nederland";"78726"
"75 jaar";"Mannen";"Europa (exclusief Nederland)";"5920"
"75 jaar";"Mannen";"Buiten Europa";"6608"
"75 jaar";"Vrouwen";"Totaal";"98644"
"75 jaar";"Vrouwen";"Nederland";"84716"
"75 jaar";"Vrouwen";"Europa (exclusief Nederland)";"6773"
"75 jaar";"Vrouwen";"Buiten Europa";"7155"
"76 jaar";"Totaal mannen en vrouwen";"Totaal";"191452"
"76 jaar";"Totaal mannen en vrouwen";"Nederland";"167840"
"76 jaar";"Totaal mannen en vrouwen";"Europa (exclusief Nederland)";"12976"
"76 jaar";"Totaal mannen en vrouwen";"Buiten Europa";"10636"
"76 jaar";"Mannen";"Totaal";"91799"
"76 jaar";"Mannen";"Nederland";"80615"
"76 jaar";"Mannen";"Europa (exclusief Nederland)";"6034"
"76 jaar";"Mannen";"Buiten Europa";"5150"
"76 jaar";"Vrouwen";"Totaal";"99653"
"76 jaar";"Vrouwen";"Nederland";"87225"
"76 jaar";"Vrouwen";"Europa (exclusief Nederland)";"6942"
"76 jaar";"Vrouwen";"Buiten Europa";"5486"
"77 jaar";"Totaal mannen en vrouwen";"Totaal";"132338"
"77 jaar";"Totaal mannen en vrouwen";"Nederland";"113514"
"77 jaar";"Totaal mannen en vrouwen";"Europa (exclusief Nederland)";"10611"
"77 jaar";"Totaal mannen en vrouwen";"Buiten Europa";"8213"
"77 jaar";"Mannen";"Totaal";"62444"
"77 jaar";"Mannen";"Nederland";"53558"
"77 jaar";"Mannen";"Europa (exclusief Nederland)";"5012"
"77 jaar";"Mannen";"Buiten Europa";"3874"
"77 jaar";"Vrouwen";"Totaal";"69894"
"77 jaar";"Vrouwen";"Nederland";"59956"
"77 jaar";"Vrouwen";"Europa (exclusief Nederland)";"5599"
"77 jaar";"Vrouwen";"Buiten Europa";"4339"
"78 jaar";"Totaal mannen en vrouwen";"Totaal";"134024"
"78 jaar";"Totaal mannen en vrouwen";"Nederland";"116531"
"78 jaar";"Totaal mannen en vrouwen";"Europa (exclusief Nederland)";"10115"
"78 jaar";"Totaal mannen en vrouwen";"Buiten Europa";"7378"
"78 jaar";"Mannen";"Totaal";"62768"
"78 jaar";"Mannen";"Nederland";"54597"
"78 jaar";"Mannen";"Europa (exclusief Nederland)";"4649"
"78 jaar";"Mannen";"Buiten Europa";"3522"
"78 jaar";"Vrouwen";"Totaal";"71256"
"78 jaar";"Vrouwen";"Nederland";"61934"
"78 jaar";"Vrouwen";"Europa (exclusief Nederland)";"5466"
"78 jaar";"Vrouwen";"Buiten Europa";"3856"
"79 jaar";"Totaal mannen en vrouwen";"Totaal";"122998"
"79 jaar";"Totaal mannen en vrouwen";"Nederland";"107135"
"79 jaar";"Totaal mannen en vrouwen";"Europa (exclusief Nederland)";"9263"
"79 jaar";"Totaal mannen en vrouwen";"Buiten Europa";"6600"
"79 jaar";"Mannen";"Totaal";"57230"
"79 jaar";"Mannen";"Nederland";"49736"
"79 jaar";"Mannen";"Europa (exclusief Nederland)";"4262"
"79 jaar";"Mannen";"Buiten Europa";"3232"
"79 jaar";"Vrouwen";"Totaal";"65768"
"79 jaar";"Vrouwen";"Nederland";"57399"
"79 jaar";"Vrouwen";"Europa (exclusief Nederland)";"5001"
"79 jaar";"Vrouwen";"Buiten Europa";"3368"
"80 jaar";"Totaal mannen en vrouwen";"Totaal";"109062"
"80 jaar";"Totaal mannen en vrouwen";"Nederland";"92423"
"80 jaar";"Totaal mannen en vrouwen";"Europa (exclusief Nederland)";"8426"
"80 jaar";"Totaal mannen en vrouwen";"Buiten Europa";"8213"
"80 jaar";"Mannen";"Totaal";"49955"
"80 jaar";"Mannen";"Nederland";"42343"
"80 jaar";"Mannen";"Europa (exclusief Nederland)";"3800"
"80 jaar";"Mannen";"Buiten Europa";"3812"
"80 jaar";"Vrouwen";"Totaal";"59107"
"80 jaar";"Vrouwen";"Nederland";"50080"
"80 jaar";"Vrouwen";"Europa (exclusief Nederland)";"4626"
"80 jaar";"Vrouwen";"Buiten Europa";"4401"
"81 jaar";"Totaal mannen en vrouwen";"Totaal";"99205"
"81 jaar";"Totaal mannen en vrouwen";"Nederland";"84079"
"81 jaar";"Totaal mannen en vrouwen";"Europa (exclusief Nederland)";"8008"
"81 jaar";"Totaal mannen en vrouwen";"Buiten Europa";"7118"
"81 jaar";"Mannen";"Totaal";"44857"
"81 jaar";"Mannen";"Nederland";"37892"
"81 jaar";"Mannen";"Europa (exclusief Nederland)";"3558"
"81 jaar";"Mannen";"Buiten Europa";"3407"
"81 jaar";"Vrouwen";"Totaal";"54348"
"81 jaar";"Vrouwen";"Nederland";"46187"
"81 jaar";"Vrouwen";"Europa (exclusief Nederland)";"4450"
"81 jaar";"Vrouwen";"Buiten Europa";"3711"
"82 jaar";"Totaal mannen en vrouwen";"Totaal";"96045"
"82 jaar";"Totaal mannen en vrouwen";"Nederland";"80547"
"82 jaar";"Totaal mannen en vrouwen";"Europa (exclusief Nederland)";"7932"
"82 jaar";"Totaal mannen en vrouwen";"Buiten Europa";"7566"
"82 jaar";"Mannen";"Totaal";"42598"
"82 jaar";"Mannen";"Nederland";"35445"
"82 jaar";"Mannen";"Europa (exclusief Nederland)";"3487"
"82 jaar";"Mannen";"Buiten Europa";"3666"
"82 jaar";"Vrouwen";"Totaal";"53447"
"82 jaar";"Vrouwen";"Nederland";"45102"
"82 jaar";"Vrouwen";"Europa (exclusief Nederland)";"4445"
"82 jaar";"Vrouwen";"Buiten Europa";"3900"
"83 jaar";"Totaal mannen en vrouwen";"Totaal";"87043"
"83 jaar";"Totaal mannen en vrouwen";"Nederland";"73783"
"83 jaar";"Totaal mannen en vrouwen";"Europa (exclusief Nederland)";"7349"
"83 jaar";"Totaal mannen en vrouwen";"Buiten Europa";"5911"
"83 jaar";"Mannen";"Totaal";"37531"
"83 jaar";"Mannen";"Nederland";"31630"
"83 jaar";"Mannen";"Europa (exclusief Nederland)";"3115"
"83 jaar";"Mannen";"Buiten Europa";"2786"
"83 jaar";"Vrouwen";"Totaal";"49512"
"83 jaar";"Vrouwen";"Nederland";"42153"
"83 jaar";"Vrouwen";"Europa (exclusief Nederland)";"4234"
"83 jaar";"Vrouwen";"Buiten Europa";"3125"
"84 jaar";"Totaal mannen en vrouwen";"Totaal";"79459"
"84 jaar";"Totaal mannen en vrouwen";"Nederland";"67723"
"84 jaar";"Totaal mannen en vrouwen";"Europa (exclusief Nederland)";"6636"
"84 jaar";"Totaal mannen en vrouwen";"Buiten Europa";"5100"
"84 jaar";"Mannen";"Totaal";"33735"
"84 jaar";"Mannen";"Nederland";"28516"
"84 jaar";"Mannen";"Europa (exclusief Nederland)";"2846"
"84 jaar";"Mannen";"Buiten Europa";"2373"
"84 jaar";"Vrouwen";"Totaal";"45724"
"84 jaar";"Vrouwen";"Nederland";"39207"
"84 jaar";"Vrouwen";"Europa (exclusief Nederland)";"3790"
"84 jaar";"Vrouwen";"Buiten Europa";"2727"
"85 jaar";"Totaal mannen en vrouwen";"Totaal";"68184"
"85 jaar";"Totaal mannen en vrouwen";"Nederland";"58321"
"85 jaar";"Totaal mannen en vrouwen";"Europa (exclusief Nederland)";"5700"
"85 jaar";"Totaal mannen en vrouwen";"Buiten Europa";"4163"
"85 jaar";"Mannen";"Totaal";"28100"
"85 jaar";"Mannen";"Nederland";"23876"
"85 jaar";"Mannen";"Europa (exclusief Nederland)";"2348"
"85 jaar";"Mannen";"Buiten Europa";"1876"
"85 jaar";"Vrouwen";"Totaal";"40084"
"85 jaar";"Vrouwen";"Nederland";"34445"
"85 jaar";"Vrouwen";"Europa (exclusief Nederland)";"3352"
"85 jaar";"Vrouwen";"Buiten Europa";"2287"
"86 jaar";"Totaal mannen en vrouwen";"Totaal";"60952"
"86 jaar";"Totaal mannen en vrouwen";"Nederland";"52418"
"86 jaar";"Totaal mannen en vrouwen";"Europa (exclusief Nederland)";"4935"
"86 jaar";"Totaal mannen en vrouwen";"Buiten Europa";"3599"
"86 jaar";"Mannen";"Totaal";"24363"
"86 jaar";"Mannen";"Nederland";"20801"
"86 jaar";"Mannen";"Europa (exclusief Nederland)";"1977"
"86 jaar";"Mannen";"Buiten Europa";"1585"
"86 jaar";"Vrouwen";"Totaal";"36589"
"86 jaar";"Vrouwen";"Nederland";"31617"
"86 jaar";"Vrouwen";"Europa (exclusief Nederland)";"2958"
"86 jaar";"Vrouwen";"Buiten Europa";"2014"
"87 jaar";"Totaal mannen en vrouwen";"Totaal";"53242"
"87 jaar";"Totaal mannen en vrouwen";"Nederland";"46042"
"87 jaar";"Totaal mannen en vrouwen";"Europa (exclusief Nederland)";"4230"
"87 jaar";"Totaal mannen en vrouwen";"Buiten Europa";"2970"
"87 jaar";"Mannen";"Totaal";"20608"
"87 jaar";"Mannen";"Nederland";"17720"
"87 jaar";"Mannen";"Europa (exclusief Nederland)";"1649"
"87 jaar";"Mannen";"Buiten Europa";"1239"
"87 jaar";"Vrouwen";"Totaal";"32634"
"87 jaar";"Vrouwen";"Nederland";"28322"
"87 jaar";"Vrouwen";"Europa (exclusief Nederland)";"2581"
"87 jaar";"Vrouwen";"Buiten Europa";"1731"
"88 jaar";"Totaal mannen en vrouwen";"Totaal";"45934"
"88 jaar";"Totaal mannen en vrouwen";"Nederland";"39946"
"88 jaar";"Totaal mannen en vrouwen";"Europa (exclusief Nederland)";"3568"
"88 jaar";"Totaal mannen en vrouwen";"Buiten Europa";"2420"
"88 jaar";"Mannen";"Totaal";"17116"
"88 jaar";"Mannen";"Nederland";"14835"
"88 jaar";"Mannen";"Europa (exclusief Nederland)";"1303"
"88 jaar";"Mannen";"Buiten Europa";"978"
"88 jaar";"Vrouwen";"Totaal";"28818"
"88 jaar";"Vrouwen";"Nederland";"25111"
"88 jaar";"Vrouwen";"Europa (exclusief Nederland)";"2265"
"88 jaar";"Vrouwen";"Buiten Europa";"1442"
"89 jaar";"Totaal mannen en vrouwen";"Totaal";"38273"
"89 jaar";"Totaal mannen en vrouwen";"Nederland";"33570"
"89 jaar";"Totaal mannen en vrouwen";"Europa (exclusief Nederland)";"2693"
"89 jaar";"Totaal mannen en vrouwen";"Buiten Europa";"2010"
"89 jaar";"Mannen";"Totaal";"13447"
"89 jaar";"Mannen";"Nederland";"11753"
"89 jaar";"Mannen";"Europa (exclusief Nederland)";"923"
"89 jaar";"Mannen";"Buiten Europa";"771"
"89 jaar";"Vrouwen";"Totaal";"24826"
"89 jaar";"Vrouwen";"Nederland";"21817"
"89 jaar";"Vrouwen";"Europa (exclusief Nederland)";"1770"
"89 jaar";"Vrouwen";"Buiten Europa";"1239"
"90 jaar";"Totaal mannen en vrouwen";"Totaal";"32966"
"90 jaar";"Totaal mannen en vrouwen";"Nederland";"29042"
"90 jaar";"Totaal mannen en vrouwen";"Europa (exclusief Nederland)";"2236"
"90 jaar";"Totaal mannen en vrouwen";"Buiten Europa";"1688"
"90 jaar";"Mannen";"Totaal";"11189"
"90 jaar";"Mannen";"Nederland";"9788"
"90 jaar";"Mannen";"Europa (exclusief Nederland)";"763"
"90 jaar";"Mannen";"Buiten Europa";"638"
"90 jaar";"Vrouwen";"Totaal";"21777"
"90 jaar";"Vrouwen";"Nederland";"19254"
"90 jaar";"Vrouwen";"Europa (exclusief Nederland)";"1473"
"90 jaar";"Vrouwen";"Buiten Europa";"1050"
"91 jaar";"Totaal mannen en vrouwen";"Totaal";"26462"
"91 jaar";"Totaal mannen en vrouwen";"Nederland";"23480"
"91 jaar";"Totaal mannen en vrouwen";"Europa (exclusief Nederland)";"1729"
"91 jaar";"Totaal mannen en vrouwen";"Buiten Europa";"1253"
"91 jaar";"Mannen";"Totaal";"8527"
"91 jaar";"Mannen";"Nederland";"7564"
"91 jaar";"Mannen";"Europa (exclusief Nederland)";"539"
"91 jaar";"Mannen";"Buiten Europa";"424"
"91 jaar";"Vrouwen";"Totaal";"17935"
"91 jaar";"Vrouwen";"Nederland";"15916"
"91 jaar";"Vrouwen";"Europa (exclusief Nederland)";"1190"
"91 jaar";"Vrouwen";"Buiten Europa";"829"
"92 jaar";"Totaal mannen en vrouwen";"Totaal";"21495"
"92 jaar";"Totaal mannen en vrouwen";"Nederland";"19063"
"92 jaar";"Totaal mannen en vrouwen";"Europa (exclusief Nederland)";"1332"
"92 jaar";"Totaal mannen en vrouwen";"Buiten Europa";"1100"
"92 jaar";"Mannen";"Totaal";"6541"
"92 jaar";"Mannen";"Nederland";"5796"
"92 jaar";"Mannen";"Europa (exclusief Nederland)";"374"
"92 jaar";"Mannen";"Buiten Europa";"371"
"92 jaar";"Vrouwen";"Totaal";"14954"
"92 jaar";"Vrouwen";"Nederland";"13267"
"92 jaar";"Vrouwen";"Europa (exclusief Nederland)";"958"
"92 jaar";"Vrouwen";"Buiten Europa";"729"
"93 jaar";"Totaal mannen en vrouwen";"Totaal";"15816"
"93 jaar";"Totaal mannen en vrouwen";"Nederland";"14061"
"93 jaar";"Totaal mannen en vrouwen";"Europa (exclusief Nederland)";"1002"
"93 jaar";"Totaal mannen en vrouwen";"Buiten Europa";"753"
"93 jaar";"Mannen";"Totaal";"4532"
"93 jaar";"Mannen";"Nederland";"4047"
"93 jaar";"Mannen";"Europa (exclusief Nederland)";"266"
"93 jaar";"Mannen";"Buiten Europa";"219"
"93 jaar";"Vrouwen";"Totaal";"11284"
"93 jaar";"Vrouwen";"Nederland";"10014"
"93 jaar";"Vrouwen";"Europa (exclusief Nederland)";"736"
"93 jaar";"Vrouwen";"Buiten Europa";"534"
"94 jaar";"Totaal mannen en vrouwen";"Totaal";"12162"
"94 jaar";"Totaal mannen en vrouwen";"Nederland";"10899"
"94 jaar";"Totaal mannen en vrouwen";"Europa (exclusief Nederland)";"701"
"94 jaar";"Totaal mannen en vrouwen";"Buiten Europa";"562"
"94 jaar";"Mannen";"Totaal";"3286"
"94 jaar";"Mannen";"Nederland";"2936"
"94 jaar";"Mannen";"Europa (exclusief Nederland)";"179"
"94 jaar";"Mannen";"Buiten Europa";"171"
"94 jaar";"Vrouwen";"Totaal";"8876"
"94 jaar";"Vrouwen";"Nederland";"7963"
"94 jaar";"Vrouwen";"Europa (exclusief Nederland)";"522"
"94 jaar";"Vrouwen";"Buiten Europa";"391"
"95 jaar";"Totaal mannen en vrouwen";"Totaal";"8584"
"95 jaar";"Totaal mannen en vrouwen";"Nederland";"7678"
"95 jaar";"Totaal mannen en vrouwen";"Europa (exclusief Nederland)";"493"
"95 jaar";"Totaal mannen en vrouwen";"Buiten Europa";"413"
"95 jaar";"Mannen";"Totaal";"2210"
"95 jaar";"Mannen";"Nederland";"1983"
"95 jaar";"Mannen";"Europa (exclusief Nederland)";"106"
"95 jaar";"Mannen";"Buiten Europa";"121"
"95 jaar";"Vrouwen";"Totaal";"6374"
"95 jaar";"Vrouwen";"Nederland";"5695"
"95 jaar";"Vrouwen";"Europa (exclusief Nederland)";"387"
"95 jaar";"Vrouwen";"Buiten Europa";"292"
"96 jaar";"Totaal mannen en vrouwen";"Totaal";"6288"
"96 jaar";"Totaal mannen en vrouwen";"Nederland";"5628"
"96 jaar";"Totaal mannen en vrouwen";"Europa (exclusief Nederland)";"384"
"96 jaar";"Totaal mannen en vrouwen";"Buiten Europa";"276"
"96 jaar";"Mannen";"Totaal";"1531"
"96 jaar";"Mannen";"Nederland";"1378"
"96 jaar";"Mannen";"Europa (exclusief Nederland)";"84"
"96 jaar";"Mannen";"Buiten Europa";"69"
"96 jaar";"Vrouwen";"Totaal";"4757"
"96 jaar";"Vrouwen";"Nederland";"4250"
"96 jaar";"Vrouwen";"Europa (exclusief Nederland)";"300"
"96 jaar";"Vrouwen";"Buiten Europa";"207"
"97 jaar";"Totaal mannen en vrouwen";"Totaal";"4203"
"97 jaar";"Totaal mannen en vrouwen";"Nederland";"3759"
"97 jaar";"Totaal mannen en vrouwen";"Europa (exclusief Nederland)";"247"
"97 jaar";"Totaal mannen en vrouwen";"Buiten Europa";"197"
"97 jaar";"Mannen";"Totaal";"972"
"97 jaar";"Mannen";"Nederland";"883"
"97 jaar";"Mannen";"Europa (exclusief Nederland)";"46"
"97 jaar";"Mannen";"Buiten Europa";"43"
"97 jaar";"Vrouwen";"Totaal";"3231"
"97 jaar";"Vrouwen";"Nederland";"2876"
"97 jaar";"Vrouwen";"Europa (exclusief Nederland)";"201"
"97 jaar";"Vrouwen";"Buiten Europa";"154"
"98 jaar";"Totaal mannen en vrouwen";"Totaal";"2885"
"98 jaar";"Totaal mannen en vrouwen";"Nederland";"2559"
"98 jaar";"Totaal mannen en vrouwen";"Europa (exclusief Nederland)";"198"
"98 jaar";"Totaal mannen en vrouwen";"Buiten Europa";"128"
"98 jaar";"Mannen";"Totaal";"588"
"98 jaar";"Mannen";"Nederland";"530"
"98 jaar";"Mannen";"Europa (exclusief Nederland)";"29"
"98 jaar";"Mannen";"Buiten Europa";"29"
"98 jaar";"Vrouwen";"Totaal";"2297"
"98 jaar";"Vrouwen";"Nederland";"2029"
"98 jaar";"Vrouwen";"Europa (exclusief Nederland)";"169"
"98 jaar";"Vrouwen";"Buiten Europa";"99"
"99 jaar";"Totaal mannen en vrouwen";"Totaal";"1785"
"99 jaar";"Totaal mannen en vrouwen";"Nederland";"1572"
"99 jaar";"Totaal mannen en vrouwen";"Europa (exclusief Nederland)";"117"
"99 jaar";"Totaal mannen en vrouwen";"Buiten Europa";"96"
"99 jaar";"Mannen";"Totaal";"352"
"99 jaar";"Mannen";"Nederland";"318"
"99 jaar";"Mannen";"Europa (exclusief Nederland)";"11"
"99 jaar";"Mannen";"Buiten Europa";"23"
"99 jaar";"Vrouwen";"Totaal";"1433"
"99 jaar";"Vrouwen";"Nederland";"1254"
"99 jaar";"Vrouwen";"Europa (exclusief Nederland)";"106"
"99 jaar";"Vrouwen";"Buiten Europa";"73"
"100 jaar";"Totaal mannen en vrouwen";"Totaal";"1161"
"100 jaar";"Totaal mannen en vrouwen";"Nederland";"1040"
"100 jaar";"Totaal mannen en vrouwen";"Europa (exclusief Nederland)";"57"
"100 jaar";"Totaal mannen en vrouwen";"Buiten Europa";"64"
"100 jaar";"Mannen";"Totaal";"196"
"100 jaar";"Mannen";"Nederland";"174"
"100 jaar";"Mannen";"Europa (exclusief Nederland)";"7"
"100 jaar";"Mannen";"Buiten Europa";"15"
"100 jaar";"Vrouwen";"Totaal";"965"
"100 jaar";"Vrouwen";"Nederland";"866"
"100 jaar";"Vrouwen";"Europa (exclusief Nederland)";"50"
"100 jaar";"Vrouwen";"Buiten Europa";"49"
"101 jaar";"Totaal mannen en vrouwen";"Totaal";"633"
"101 jaar";"Totaal mannen en vrouwen";"Nederland";"573"
"101 jaar";"Totaal mannen en vrouwen";"Europa (exclusief Nederland)";"35"
"101 jaar";"Totaal mannen en vrouwen";"Buiten Europa";"25"
"101 jaar";"Mannen";"Totaal";"99"
"101 jaar";"Mannen";"Nederland";"91"
"101 jaar";"Mannen";"Europa (exclusief Nederland)";"4"
"101 jaar";"Mannen";"Buiten Europa";"4"
"101 jaar";"Vrouwen";"Totaal";"534"
"101 jaar";"Vrouwen";"Nederland";"482"
"101 jaar";"Vrouwen";"Europa (exclusief Nederland)";"31"
"101 jaar";"Vrouwen";"Buiten Europa";"21"
"102 jaar";"Totaal mannen en vrouwen";"Totaal";"412"
"102 jaar";"Totaal mannen en vrouwen";"Nederland";"374"
"102 jaar";"Totaal mannen en vrouwen";"Europa (exclusief Nederland)";"19"
"102 jaar";"Totaal mannen en vrouwen";"Buiten Europa";"19"
"102 jaar";"Mannen";"Totaal";"61"
"102 jaar";"Mannen";"Nederland";"56"
"102 jaar";"Mannen";"Europa (exclusief Nederland)";"2"
"102 jaar";"Mannen";"Buiten Europa";"3"
"102 jaar";"Vrouwen";"Totaal";"351"
"102 jaar";"Vrouwen";"Nederland";"318"
"102 jaar";"Vrouwen";"Europa (exclusief Nederland)";"17"
"102 jaar";"Vrouwen";"Buiten Europa";"16"
"103 jaar";"Totaal mannen en vrouwen";"Totaal";"178"
"103 jaar";"Totaal mannen en vrouwen";"Nederland";"158"
"103 jaar";"Totaal mannen en vrouwen";"Europa (exclusief Nederland)";"9"
"103 jaar";"Totaal mannen en vrouwen";"Buiten Europa";"11"
"103 jaar";"Mannen";"Totaal";"32"
"103 jaar";"Mannen";"Nederland";"32"
"103 jaar";"Mannen";"Europa (exclusief Nederland)";"0"
"103 jaar";"Mannen";"Buiten Europa";"0"
"103 jaar";"Vrouwen";"Totaal";"146"
"103 jaar";"Vrouwen";"Nederland";"126"
"103 jaar";"Vrouwen";"Europa (exclusief Nederland)";"9"
"103 jaar";"Vrouwen";"Buiten Europa";"11"
"104 jaar";"Totaal mannen en vrouwen";"Totaal";"102"
"104 jaar";"Totaal mannen en vrouwen";"Nederland";"90"
"104 jaar";"Totaal mannen en vrouwen";"Europa (exclusief Nederland)";"4"
"104 jaar";"Totaal mannen en vrouwen";"Buiten Europa";"8"
"104 jaar";"Mannen";"Totaal";"6"
"104 jaar";"Mannen";"Nederland";"3"
"104 jaar";"Mannen";"Europa (exclusief Nederland)";"0"
"104 jaar";"Mannen";"Buiten Europa";"3"
"104 jaar";"Vrouwen";"Totaal";"96"
"104 jaar";"Vrouwen";"Nederland";"87"
"104 jaar";"Vrouwen";"Europa (exclusief Nederland)";"4"
"104 jaar";"Vrouwen";"Buiten Europa";"5"
"105 jaar of ouder";"Totaal mannen en vrouwen";"Totaal";"86"
"105 jaar of ouder";"Totaal mannen en vrouwen";"Nederland";"71"
"105 jaar of ouder";"Totaal mannen en vrouwen";"Europa (exclusief Nederland)";"5"
"105 jaar of ouder";"Totaal mannen en vrouwen";"Buiten Europa";"10"
"105 jaar of ouder";"Mannen";"Totaal";"6"
"105 jaar of ouder";"Mannen";"Nederland";"5"
"105 jaar of ouder";"Mannen";"Europa (exclusief Nederland)";"0"
"105 jaar of ouder";"Mannen";"Buiten Europa";"1"
"105 jaar of ouder";"Vrouwen";"Totaal";"80"
"105 jaar of ouder";"Vrouwen";"Nederland";"66"
"105 jaar of ouder";"Vrouwen";"Europa (exclusief Nederland)";"5"
"105 jaar of ouder";"Vrouwen";"Buiten Europa";"9"
"Bron: CBS"
